kind,func,mode,dim,bw,rep,time_p,time_v,comm_p_mb,comm_v_mb,max_err_ulp,mean_err_ulp,verify
scaling,sin,plain,1000,,0,0.000025,0,0,0,0,0,NA
scaling,sin,lut,1000,,0,0.006282,0.003940,0.522934,0.000053,0.9848,0.3224,OK
scaling,sin,lut,1000,,1,0.005358,0.003980,0.522934,0.000053,0.9723,0.3287,OK
scaling,sin,lut,1000,,2,0.007336,0.003861,0.522934,0.000053,0.9737,0.3247,OK
scaling,sin,poly,1000,,0,0.012344,0.008623,1.144608,0.000023,0.5184,0.2468,OK
scaling,sin,poly,1000,,1,0.012695,0.008639,1.144608,0.000023,0.5241,0.2473,OK
scaling,sin,poly,1000,,2,0.012251,0.008525,1.144608,0.000023,0.5124,0.2551,OK
scaling,sin,naive,1000,,0,0.022764,0.015224,2.174438,0.000023,0.5184,0.2468,OK
scaling,sin,naive,1000,,1,0.022462,0.014883,2.174438,0.000023,0.5241,0.2473,OK
scaling,sin,naive,1000,,2,0.022567,0.015000,2.174438,0.000023,0.5124,0.2551,OK
scaling,sin,plain,10000,,0,0.000175,0,0,0,0,0,NA
scaling,sin,lut,10000,,0,0.031903,0.026573,3.818832,0.000053,0.9862,0.3226,OK
scaling,sin,lut,10000,,1,0.031574,0.026182,3.818832,0.000053,0.9910,0.3272,OK
scaling,sin,lut,10000,,2,0.031548,0.026125,3.818832,0.000053,0.9829,0.3228,OK
scaling,sin,poly,10000,,0,0.083621,0.077938,10.614166,0.000038,0.5201,0.2473,OK
scaling,sin,poly,10000,,1,0.083491,0.077865,10.614166,0.000038,0.5241,0.2510,OK
scaling,sin,poly,10000,,2,0.081571,0.075957,10.614166,0.000038,0.5204,0.2491,OK
scaling,sin,naive,10000,,0,0.190213,0.182930,21.743866,0.000038,0.5201,0.2473,OK
scaling,sin,naive,10000,,1,0.189196,0.181952,21.743866,0.000038,0.5241,0.2510,OK
scaling,sin,naive,10000,,2,0.189364,0.182045,21.743866,0.000038,0.5204,0.2491,OK
scaling,sin,plain,100000,,0,0.001636,0,0,0,0,0,NA
scaling,sin,lut,100000,,0,0.209753,0.206373,37.215240,0.000084,0.9985,0.3259,OK
scaling,sin,lut,100000,,1,0.212954,0.209536,37.215240,0.000084,0.9972,0.3269,OK
scaling,sin,lut,100000,,2,0.208956,0.205550,37.215240,0.000084,0.9911,0.3270,OK
scaling,sin,poly,100000,,0,0.903650,0.900199,106.473183,1.704910,0.5272,0.2495,OK
scaling,sin,poly,100000,,1,0.901900,0.898562,106.473183,1.704910,0.5243,0.2498,OK
scaling,sin,poly,100000,,2,0.907129,0.903566,106.473183,1.704910,0.5237,0.2502,OK
scaling,sin,naive,100000,,0,2.179148,2.175321,219.114120,3.409431,0.5272,0.2495,OK
scaling,sin,naive,100000,,1,2.181841,2.177834,219.114120,3.409431,0.5243,0.2498,OK
scaling,sin,naive,100000,,2,2.181028,2.177228,219.114120,3.409431,0.5237,0.2502,OK
scaling,log60,plain,1000,,0,0.000010,0,0,0,0,0,NA
scaling,log60,lut,1000,,0,0.009559,0.007192,0.912476,0.000107,1.2849,0.4010,OK
scaling,log60,lut,1000,,1,0.009690,0.006904,0.912476,0.000107,1.3292,0.3922,OK
scaling,log60,lut,1000,,2,0.010112,0.006999,0.912476,0.000107,1.2631,0.3989,OK
scaling,log60,poly,1000,,0,0.015507,0.010989,1.504181,0.000061,1.0097,0.3188,OK
scaling,log60,poly,1000,,1,0.015577,0.011121,1.504181,0.000061,0.9588,0.3320,OK
scaling,log60,poly,1000,,2,0.015380,0.010935,1.504181,0.000061,1.0026,0.3323,OK
scaling,log60,naive,1000,,0,0.031701,0.023905,3.166260,0.000023,1.0097,0.3188,OK
scaling,log60,naive,1000,,1,0.031243,0.023568,3.166260,0.000023,0.9588,0.3320,OK
scaling,log60,naive,1000,,2,0.031367,0.023704,3.166260,0.000023,1.0026,0.3323,OK
scaling,log60,plain,10000,,0,0.000095,0,0,0,0,0,NA
scaling,log60,lut,10000,,0,0.058212,0.053119,7.772781,0.000122,1.4095,0.3985,OK
scaling,log60,lut,10000,,1,0.058442,0.053342,7.772781,0.000122,1.4588,0.4023,OK
scaling,log60,lut,10000,,2,0.058643,0.053522,7.772781,0.000122,1.4382,0.4012,OK
scaling,log60,poly,10000,,0,0.087706,0.082306,14.057434,0.000061,1.0204,0.3307,OK
scaling,log60,poly,10000,,1,0.090919,0.085461,14.057434,0.000061,1.0226,0.3340,OK
scaling,log60,poly,10000,,2,0.088989,0.083610,14.057434,0.000061,1.0250,0.3350,OK
scaling,log60,naive,10000,,0,0.271504,0.264056,31.662079,0.000038,1.0204,0.3307,OK
scaling,log60,naive,10000,,1,0.269747,0.262282,31.662079,0.000038,1.0226,0.3340,OK
scaling,log60,naive,10000,,2,0.269122,0.261681,31.662079,0.000038,1.0250,0.3350,OK
scaling,log60,plain,100000,,0,0.000842,0,0,0,0,0,NA
scaling,log60,lut,100000,,0,0.687290,0.683861,77.620049,1.704964,1.4893,0.4002,OK
scaling,log60,lut,100000,,1,0.682032,0.678648,77.620049,1.704964,1.4588,0.3998,OK
scaling,log60,lut,100000,,2,0.690124,0.686778,77.620049,1.704964,1.4656,0.4021,OK
scaling,log60,poly,100000,,0,0.967596,0.964226,140.638863,1.704796,1.0302,0.3322,OK
scaling,log60,poly,100000,,1,0.970522,0.966914,140.638863,1.704796,1.0315,0.3335,OK
scaling,log60,poly,100000,,2,0.974063,0.970747,140.638863,1.704796,1.0250,0.3333,OK
scaling,log60,naive,100000,,0,3.398197,3.394362,319.972290,6.818748,1.0302,0.3322,OK
scaling,log60,naive,100000,,1,3.407221,3.403381,319.972290,6.818748,1.0315,0.3335,OK
scaling,log60,naive,100000,,2,3.397704,3.393849,319.972290,6.818748,1.0250,0.3333,OK
scaling,log20,plain,1000,,0,0.000018,0,0,0,0,0,NA
scaling,log20,lut,1000,,0,0.006599,0.003714,0.512619,0.000107,1.2271,0.3608,OK
scaling,log20,lut,1000,,1,0.006685,0.003684,0.512619,0.000107,1.2448,0.3613,OK
scaling,log20,lut,1000,,2,0.005149,0.003757,0.512619,0.000107,1.1995,0.3644,OK
scaling,log20,poly,1000,,0,0.012556,0.008903,1.192596,0.000061,0.9778,0.3117,OK
scaling,log20,poly,1000,,1,0.012587,0.008927,1.192596,0.000061,0.9583,0.3042,OK
scaling,log20,poly,1000,,2,0.012623,0.008914,1.192596,0.000061,0.9408,0.3020,OK
scaling,log20,naive,1000,,0,0.023357,0.015584,2.250732,0.000023,0.9778,0.3117,OK
scaling,log20,naive,1000,,1,0.023430,0.015665,2.250732,0.000023,0.9583,0.3042,OK
scaling,log20,naive,1000,,2,0.023692,0.015872,2.250732,0.000023,0.9408,0.3020,OK
scaling,log20,plain,10000,,0,0.000135,0,0,0,0,0,NA
scaling,log20,lut,10000,,0,0.038035,0.032778,3.945877,0.000122,1.4557,0.3591,OK
scaling,log20,lut,10000,,1,0.037943,0.032672,3.945877,0.000122,1.4581,0.3595,OK
scaling,log20,lut,10000,,2,0.038321,0.033063,3.945877,0.000122,1.4211,0.3609,OK
scaling,log20,poly,10000,,0,0.073811,0.068027,10.868118,0.000061,1.0113,0.2994,OK
scaling,log20,poly,10000,,1,0.074372,0.068661,10.868118,0.000061,1.0033,0.3001,OK
scaling,log20,poly,10000,,2,0.073589,0.067872,10.868118,0.000061,1.0062,0.3030,OK
scaling,log20,naive,10000,,0,0.196841,0.189365,22.506805,0.000038,1.0113,0.2994,OK
scaling,log20,naive,10000,,1,0.197329,0.189828,22.506805,0.000038,1.0033,0.3001,OK
scaling,log20,naive,10000,,2,0.196425,0.189008,22.506805,0.000038,1.0062,0.3030,OK
scaling,log20,plain,100000,,0,0.001247,0,0,0,0,0,NA
scaling,log20,lut,100000,,0,0.319214,0.315798,38.471802,0.000320,1.4557,0.3617,OK
scaling,log20,lut,100000,,1,0.319173,0.315765,38.471802,0.000320,1.4584,0.3609,OK
scaling,log20,lut,100000,,2,0.319162,0.315490,38.471802,0.000320,1.4639,0.3617,OK
scaling,log20,poly,100000,,0,0.823342,0.819930,108.676094,1.704765,1.0113,0.3002,OK
scaling,log20,poly,100000,,1,0.822540,0.819152,108.676094,1.704765,1.0111,0.3003,OK
scaling,log20,poly,100000,,2,0.821091,0.817593,108.676094,1.704765,1.0111,0.3006,OK
scaling,log20,naive,100000,,0,2.278356,2.274501,226.743546,3.409462,1.0113,0.3002,OK
scaling,log20,naive,100000,,1,2.278085,2.274177,226.743546,3.409462,1.0111,0.3003,OK
scaling,log20,naive,100000,,2,2.292299,2.288470,226.743546,3.409462,1.0111,0.3006,OK
scaling,exp,plain,1000,,0,0.000022,0,0,0,0,0,NA
scaling,exp,lut,1000,,0,0.004002,0.003113,0.416489,0.000076,0.8425,0.2020,OK
scaling,exp,lut,1000,,1,0.004017,0.003062,0.416489,0.000076,0.7961,0.2039,OK
scaling,exp,lut,1000,,2,0.006054,0.003099,0.416489,0.000076,0.8163,0.2032,OK
scaling,exp,poly,1000,,0,0.011600,0.008010,1.115051,0.000023,0.4971,0.1715,OK
scaling,exp,poly,1000,,1,0.011581,0.008030,1.115051,0.000023,0.5013,0.1743,OK
scaling,exp,poly,1000,,2,0.011957,0.008265,1.115051,0.000023,0.5091,0.1730,OK
scaling,exp,naive,1000,,0,0.021141,0.013719,2.021851,0.000023,0.4971,0.1715,OK
scaling,exp,naive,1000,,1,0.021701,0.014260,2.021851,0.000023,0.5013,0.1743,OK
scaling,exp,naive,1000,,2,0.021782,0.014299,2.021851,0.000023,0.5091,0.1730,OK
scaling,exp,plain,10000,,0,0.000160,0,0,0,0,0,NA
scaling,exp,lut,10000,,0,0.023378,0.018036,2.476425,0.000076,0.8495,0.2015,OK
scaling,exp,lut,10000,,1,0.023389,0.018040,2.476425,0.000076,0.8889,0.2003,OK
scaling,exp,lut,10000,,2,0.023352,0.017978,2.476425,0.000076,0.8724,0.2006,OK
scaling,exp,poly,10000,,0,0.079294,0.073537,10.172623,0.000038,0.5091,0.1737,OK
scaling,exp,poly,10000,,1,0.079354,0.073746,10.172623,0.000038,0.5098,0.1729,OK
scaling,exp,poly,10000,,2,0.078862,0.073132,10.172623,0.000038,0.5162,0.1736,OK
scaling,exp,naive,10000,,0,0.167063,0.159904,20.217987,0.000038,0.5091,0.1737,OK
scaling,exp,naive,10000,,1,0.166533,0.159341,20.217987,0.000038,0.5098,0.1729,OK
scaling,exp,naive,10000,,2,0.168208,0.161072,20.217987,0.000038,0.5162,0.1736,OK
scaling,exp,plain,100000,,0,0.001465,0,0,0,0,0,NA
scaling,exp,lut,100000,,0,0.141845,0.138467,23.263260,0.000092,0.8955,0.2000,OK
scaling,exp,lut,100000,,1,0.140187,0.136779,23.263260,0.000092,0.8955,0.1997,OK
scaling,exp,lut,100000,,2,0.139041,0.135545,23.263260,0.000092,0.8955,0.2001,OK
scaling,exp,poly,100000,,0,0.879363,0.875947,101.672249,1.704895,0.5162,0.1729,OK
scaling,exp,poly,100000,,1,0.871796,0.868393,101.672249,1.704895,0.5162,0.1723,OK
scaling,exp,poly,100000,,2,0.877644,0.874160,101.672249,1.704895,0.5162,0.1732,OK
scaling,exp,naive,100000,,0,2.025875,2.022107,203.855331,3.409431,0.5162,0.1729,OK
scaling,exp,naive,100000,,1,2.024926,2.021161,203.855331,3.409431,0.5162,0.1723,OK
scaling,exp,naive,100000,,2,2.025081,2.021388,203.855331,3.409431,0.5162,0.1732,OK
scaling,snake,plain,1000,,0,0.000071,0,0,0,0,0,NA
scaling,snake,lut,1000,,0,0.008526,0.005057,0.660492,0.000053,0.9611,0.3265,OK
scaling,snake,lut,1000,,1,0.006946,0.005101,0.660492,0.000053,0.9829,0.3215,OK
scaling,snake,lut,1000,,2,0.008524,0.004965,0.660492,0.000053,0.9821,0.3381,OK
scaling,snake,poly,1000,,0,0.015392,0.010686,1.426529,0.000023,0.5288,0.2514,OK
scaling,snake,poly,1000,,1,0.015483,0.010836,1.426529,0.000023,0.5299,0.2473,OK
scaling,snake,poly,1000,,2,0.015308,0.010744,1.426529,0.000023,0.5220,0.2446,OK
scaling,snake,naive,1000,,0,0.027976,0.020435,2.807678,0.000023,0.5288,0.2514,OK
scaling,snake,naive,1000,,1,0.028071,0.020579,2.807678,0.000023,0.5299,0.2473,OK
scaling,snake,naive,1000,,2,0.027962,0.020433,2.807678,0.000023,0.5220,0.2446,OK
scaling,snake,plain,10000,,0,0.000307,0,0,0,0,0,NA
scaling,snake,lut,10000,,0,0.039939,0.034267,5.254837,0.000053,0.9818,0.3292,OK
scaling,snake,lut,10000,,1,0.039747,0.033926,5.254837,0.000053,0.9896,0.3264,OK
scaling,snake,lut,10000,,2,0.039391,0.033621,5.254837,0.000053,0.9964,0.3284,OK
scaling,snake,poly,10000,,0,0.100129,0.093687,13.499161,0.000038,0.5327,0.2510,OK
scaling,snake,poly,10000,,1,0.100447,0.094778,13.499161,0.000038,0.5340,0.2498,OK
scaling,snake,poly,10000,,2,0.099351,0.093702,13.499161,0.000038,0.5336,0.2477,OK
scaling,snake,naive,10000,,0,0.233917,0.226669,28.076263,0.000038,0.5327,0.2510,OK
scaling,snake,naive,10000,,1,0.234255,0.226971,28.076263,0.000038,0.5340,0.2498,OK
scaling,snake,naive,10000,,2,0.234513,0.227144,28.076263,0.000038,0.5336,0.2477,OK
scaling,snake,plain,100000,,0,0.002855,0,0,0,0,0,NA
scaling,snake,lut,100000,,0,0.282708,0.279181,51.135849,0.000099,0.9981,0.3281,OK
scaling,snake,lut,100000,,1,0.282951,0.279475,51.135849,0.000099,1.0001,0.3283,OK
scaling,snake,lut,100000,,2,0.285410,0.281952,51.135849,0.000099,0.9967,0.3285,OK
scaling,snake,poly,100000,,0,1.052160,1.048730,135.080620,1.704926,0.5401,0.2496,OK
scaling,snake,poly,100000,,1,1.049790,1.046386,135.080620,1.704926,0.5400,0.2487,OK
scaling,snake,poly,100000,,2,1.045164,1.041769,135.080620,1.704926,0.5410,0.2487,OK
scaling,snake,naive,100000,,0,2.851060,2.847237,283.276070,5.114044,0.5401,0.2496,OK
scaling,snake,naive,100000,,1,2.836771,2.833017,283.276070,5.114044,0.5400,0.2487,OK
scaling,snake,naive,100000,,2,2.845526,2.841725,283.276070,5.114044,0.5410,0.2487,OK
scaling,softplus,plain,1000,,0,0.000033,0,0,0,0,0,NA
scaling,softplus,lut,1000,,0,0.009181,0.006597,0.891220,0.000168,1.0031,0.2099,OK
scaling,softplus,lut,1000,,1,0.009057,0.006571,0.891220,0.000168,1.1501,0.1793,OK
scaling,softplus,lut,1000,,2,0.009083,0.006574,0.891220,0.000168,0.9296,0.1895,OK
scaling,softplus,poly,1000,,0,0.022299,0.016456,2.245529,0.000069,0.8963,0.1754,OK
scaling,softplus,poly,1000,,1,0.022383,0.016537,2.245529,0.000069,0.9200,0.1572,OK
scaling,softplus,poly,1000,,2,0.022538,0.016555,2.245529,0.000069,0.8983,0.1661,OK
scaling,softplus,naive,1000,,0,0.039654,0.032199,4.333557,0.000023,0.8963,0.1754,OK
scaling,softplus,naive,1000,,1,0.039460,0.032029,4.333557,0.000023,0.9200,0.1572,OK
scaling,softplus,naive,1000,,2,0.039341,0.031987,4.333557,0.000023,0.8983,0.1661,OK
scaling,softplus,plain,10000,,0,0.000272,0,0,0,0,0,NA
scaling,softplus,lut,10000,,0,0.058381,0.052651,6.659073,0.000183,1.1016,0.1798,OK
scaling,softplus,lut,10000,,1,0.058615,0.052930,6.659073,0.000183,1.1501,0.1780,OK
scaling,softplus,lut,10000,,2,0.059128,0.053402,6.659073,0.000183,1.1501,0.1759,OK
scaling,softplus,poly,10000,,0,0.146443,0.140640,21.463181,0.000099,0.9721,0.1564,OK
scaling,softplus,poly,10000,,1,0.144296,0.138486,21.463181,0.000099,0.9463,0.1546,OK
scaling,softplus,poly,10000,,2,0.147489,0.141785,21.463181,0.000099,0.9801,0.1546,OK
scaling,softplus,naive,10000,,0,0.353419,0.346260,43.335052,0.000038,0.9721,0.1564,OK
scaling,softplus,naive,10000,,1,0.350206,0.343158,43.335052,0.000038,0.9463,0.1546,OK
scaling,softplus,naive,10000,,2,0.353769,0.346601,43.335052,0.000038,0.9801,0.1546,OK
scaling,softplus,plain,100000,,0,0.002782,0,0,0,0,0,NA
scaling,softplus,lut,100000,,0,0.471999,0.468445,64.900085,0.000397,1.1884,0.1760,OK
scaling,softplus,lut,100000,,1,0.475688,0.472180,64.900085,0.000397,1.1884,0.1761,OK
scaling,softplus,lut,100000,,2,0.470624,0.467095,64.900085,0.000397,1.1884,0.1764,OK
scaling,softplus,poly,100000,,0,1.754724,1.751236,215.804138,3.409660,0.9810,0.1546,OK
scaling,softplus,poly,100000,,1,1.729996,1.726611,215.804138,3.409660,0.9801,0.1546,OK
scaling,softplus,poly,100000,,2,1.721976,1.718518,215.804138,3.409660,0.9801,0.1550,OK
scaling,softplus,naive,100000,,0,4.374714,4.370741,437.539940,8.523300,0.9810,0.1546,OK
scaling,softplus,naive,100000,,1,4.400692,4.396765,437.539940,8.523300,0.9801,0.1546,OK
scaling,softplus,naive,100000,,2,4.368626,4.364878,437.539940,8.523300,0.9801,0.1550,OK
scaling,logsoftmax,plain,1000,,0,0.000092,0,0,0,0,0,NA
scaling,logsoftmax,lut,1000,,0,0.031913,0.026112,3.607986,0.000168,2.7096,0.5577,OK
scaling,logsoftmax,lut,1000,,1,0.031716,0.026166,3.607986,0.000168,3.1747,0.5334,OK
scaling,logsoftmax,lut,1000,,2,0.031741,0.026211,3.607986,0.000168,2.7513,0.5592,OK
scaling,logsoftmax,poly,1000,,0,0.080332,0.074645,11.936829,0.000069,1.9634,0.4695,OK
scaling,logsoftmax,poly,1000,,1,0.081043,0.075358,11.936829,0.000069,2.4815,0.4826,OK
scaling,logsoftmax,poly,1000,,2,0.079932,0.074270,11.936829,0.000069,2.3140,0.4543,OK
scaling,logsoftmax,naive,1000,,0,0.204236,0.197185,24.307312,0.000023,1.9634,0.4695,OK
scaling,logsoftmax,naive,1000,,1,0.204715,0.197380,24.307312,0.000023,2.4815,0.4826,OK
scaling,logsoftmax,naive,1000,,2,0.204681,0.197620,24.307312,0.000023,2.3140,0.4543,OK
scaling,logsoftmax,plain,10000,,0,0.000617,0,0,0,0,0,NA
scaling,logsoftmax,lut,10000,,0,0.213042,0.209475,34.195358,0.000214,3.2819,0.5485,OK
scaling,logsoftmax,lut,10000,,1,0.212037,0.208456,34.195358,0.000214,3.3735,0.5347,OK
scaling,logsoftmax,lut,10000,,2,0.209330,0.205782,34.195358,0.000214,2.8843,0.5499,OK
scaling,logsoftmax,poly,10000,,0,0.892449,0.889022,119.529930,1.704803,2.5705,0.4583,OK
scaling,logsoftmax,poly,10000,,1,0.908437,0.904819,119.529930,1.704803,2.6748,0.4634,OK
scaling,logsoftmax,poly,10000,,2,0.899719,0.896292,119.529930,1.704803,2.5774,0.4590,OK
scaling,logsoftmax,naive,10000,,0,2.593460,2.589690,245.586540,5.113892,2.5705,0.4583,OK
scaling,logsoftmax,naive,10000,,1,2.596220,2.592413,245.586540,5.113892,2.6748,0.4634,OK
scaling,logsoftmax,naive,10000,,2,2.598676,2.594856,245.586540,5.113892,2.5774,0.4590,OK
scaling,logsoftmax,plain,100000,,0,0.006116,0,0,0,0,0,NA
scaling,logsoftmax,lut,100000,,0,2.787545,2.783450,344.359924,6.819672,3.8200,0.5409,OK
scaling,logsoftmax,lut,100000,,1,2.802557,2.797853,344.359924,6.819672,3.5203,0.5425,OK
scaling,logsoftmax,lut,100000,,2,2.802696,2.797534,344.359924,6.819672,3.6667,0.5430,OK
scaling,logsoftmax,poly,100000,,0,9.778968,9.775074,1198.652458,25.570511,2.9858,0.4587,OK
scaling,logsoftmax,poly,100000,,1,9.773814,9.769618,1198.652458,25.570511,2.8074,0.4598,OK
scaling,logsoftmax,poly,100000,,2,9.788648,9.784555,1198.652458,25.570511,2.6670,0.4577,OK
scaling,logsoftmax,naive,100000,,0,25.339030,25.334697,2456.702919,52.843384,2.9858,0.4587,OK
scaling,logsoftmax,naive,100000,,1,25.758622,25.754230,2456.702919,52.843384,2.8074,0.4598,OK
scaling,logsoftmax,naive,100000,,2,25.646891,25.642470,2456.702919,52.843384,2.6670,0.4577,OK
bandwidth,sin,lut,100000,200mbit,0,1.609569,1.579250,37.215240,0.000084,0.9985,0.3259,OK
bandwidth,sin,poly,100000,200mbit,0,4.758473,4.728123,106.473183,1.704910,0.5272,0.2495,OK
bandwidth,sin,naive,100000,200mbit,0,9.776586,9.745847,219.114120,3.409431,0.5272,0.2495,OK
bandwidth,log60,lut,100000,200mbit,0,3.522325,3.492070,77.620049,1.704964,1.4893,0.4002,OK
bandwidth,log60,poly,100000,200mbit,0,6.190198,6.159902,140.638863,1.704796,1.0302,0.3322,OK
bandwidth,log60,naive,100000,200mbit,0,14.479947,14.449233,319.972290,6.818748,1.0302,0.3322,OK
bandwidth,log20,lut,100000,200mbit,0,1.670850,1.640459,38.471802,0.000320,1.4557,0.3617,OK
bandwidth,log20,poly,100000,200mbit,0,4.833521,4.803171,108.676094,1.704765,1.0113,0.3002,OK
bandwidth,log20,naive,100000,200mbit,0,10.128848,10.098073,226.743546,3.409462,1.0113,0.3002,OK
bandwidth,exp,lut,100000,200mbit,0,1.017451,0.987075,23.263260,0.000092,0.8955,0.2000,OK
bandwidth,exp,poly,100000,200mbit,0,4.566603,4.536304,101.672249,1.704895,0.5162,0.1729,OK
bandwidth,exp,naive,100000,200mbit,0,9.141203,9.110509,203.855331,3.409431,0.5162,0.1729,OK
bandwidth,snake,lut,100000,200mbit,0,2.199014,2.168364,51.135849,0.000099,0.9981,0.3281,OK
bandwidth,snake,poly,100000,200mbit,0,5.983507,5.953194,135.080620,1.704926,0.5401,0.2496,OK
bandwidth,snake,naive,100000,200mbit,0,12.700456,12.669670,283.276070,5.114044,0.5401,0.2496,OK
bandwidth,softplus,lut,100000,200mbit,0,2.812899,2.782391,64.900085,0.000397,1.1884,0.1760,OK
bandwidth,softplus,poly,100000,200mbit,0,9.598328,9.567893,215.804138,3.409660,0.9810,0.1546,OK
bandwidth,softplus,naive,100000,200mbit,0,19.644835,19.614041,437.539940,8.523300,0.9810,0.1546,OK
bandwidth,logsoftmax,lut,100000,200mbit,0,15.513706,15.381361,344.359924,6.819672,3.8200,0.5409,OK
bandwidth,logsoftmax,poly,100000,200mbit,0,53.871410,53.733828,1198.652458,25.570511,2.9858,0.4587,OK
bandwidth,logsoftmax,naive,100000,200mbit,0,110.995590,110.855367,2456.702919,52.843384,2.9858,0.4587,OK
bandwidth,sin,lut,100000,500mbit,0,0.663068,0.650026,37.215240,0.000084,0.9985,0.3259,OK
bandwidth,sin,poly,100000,500mbit,0,2.144442,2.131397,106.473183,1.704910,0.5272,0.2495,OK
bandwidth,sin,naive,100000,500mbit,0,4.313421,4.299999,219.114120,3.409431,0.5272,0.2495,OK
bandwidth,log60,lut,100000,500mbit,0,1.629025,1.616073,77.620049,1.704964,1.4893,0.4002,OK
bandwidth,log60,poly,100000,500mbit,0,2.646799,2.633804,140.638863,1.704796,1.0302,0.3322,OK
bandwidth,log60,naive,100000,500mbit,0,6.461380,6.447876,319.972290,6.818748,1.0302,0.3322,OK
bandwidth,log20,lut,100000,500mbit,0,0.760420,0.747392,38.471802,0.000320,1.4557,0.3617,OK
bandwidth,log20,poly,100000,500mbit,0,2.091895,2.078855,108.676094,1.704765,1.0113,0.3002,OK
bandwidth,log20,naive,100000,500mbit,0,4.500465,4.486695,226.743546,3.409462,1.0113,0.3002,OK
bandwidth,exp,lut,100000,500mbit,0,0.423892,0.410822,23.263260,0.000092,0.8955,0.2000,OK
bandwidth,exp,poly,100000,500mbit,0,2.059406,2.046349,101.672249,1.704895,0.5162,0.1729,OK
bandwidth,exp,naive,100000,500mbit,0,4.054696,4.041322,203.855331,3.409431,0.5162,0.1729,OK
bandwidth,snake,lut,100000,500mbit,0,0.903516,0.890412,51.135849,0.000099,0.9981,0.3281,OK
bandwidth,snake,poly,100000,500mbit,0,2.654481,2.641467,135.080620,1.704926,0.5401,0.2496,OK
bandwidth,snake,naive,100000,500mbit,0,5.631436,5.618015,283.276070,5.114044,0.5401,0.2496,OK
bandwidth,softplus,lut,100000,500mbit,0,1.240996,1.227831,64.900085,0.000397,1.1884,0.1760,OK
bandwidth,softplus,poly,100000,500mbit,0,4.257916,4.244840,215.804138,3.409660,0.9810,0.1546,OK
bandwidth,softplus,naive,100000,500mbit,0,8.669639,8.656098,437.539940,8.523300,0.9810,0.1546,OK
bandwidth,logsoftmax,lut,100000,500mbit,0,6.909578,6.844029,344.359924,6.819672,3.8200,0.5409,OK
bandwidth,logsoftmax,poly,100000,500mbit,0,23.876718,23.812403,1198.652458,25.570511,2.9858,0.4587,OK
bandwidth,logsoftmax,naive,100000,500mbit,0,49.185332,49.119843,2456.702919,52.843384,2.9858,0.4587,OK
bandwidth,sin,lut,100000,1000mbit,0,0.349983,0.342821,37.215240,0.000084,0.9985,0.3259,OK
bandwidth,sin,poly,100000,1000mbit,0,1.324679,1.317601,106.473183,1.704910,0.5272,0.2495,OK
bandwidth,sin,naive,100000,1000mbit,0,2.627403,2.619711,219.114120,3.409431,0.5272,0.2495,OK
bandwidth,log60,lut,100000,1000mbit,0,1.052560,1.044693,77.620049,1.704964,1.4893,0.4002,OK
bandwidth,log60,poly,100000,1000mbit,0,1.515441,1.508175,140.638863,1.704796,1.0302,0.3322,OK
bandwidth,log60,naive,100000,1000mbit,0,3.939455,3.931724,319.972290,6.818748,1.0302,0.3322,OK
bandwidth,log20,lut,100000,1000mbit,0,0.466502,0.459042,38.471802,0.000320,1.4557,0.3617,OK
bandwidth,log20,poly,100000,1000mbit,0,1.219369,1.212404,108.676094,1.704765,1.0113,0.3002,OK
bandwidth,log20,naive,100000,1000mbit,0,2.679399,2.671608,226.743546,3.409462,1.0113,0.3002,OK
bandwidth,exp,lut,100000,1000mbit,0,0.226828,0.219490,23.263260,0.000092,0.8955,0.2000,OK
bandwidth,exp,poly,100000,1000mbit,0,1.282945,1.275683,101.672249,1.704895,0.5162,0.1729,OK
bandwidth,exp,naive,100000,1000mbit,0,2.439612,2.431996,203.855331,3.409431,0.5162,0.1729,OK
bandwidth,snake,lut,100000,1000mbit,0,0.470510,0.463190,51.135849,0.000099,0.9981,0.3281,OK
bandwidth,snake,poly,100000,1000mbit,0,1.576982,1.569732,135.080620,1.704926,0.5401,0.2496,OK
bandwidth,snake,naive,100000,1000mbit,0,3.364380,3.356711,283.276070,5.114044,0.5401,0.2496,OK
bandwidth,softplus,lut,100000,1000mbit,0,0.730781,0.722786,64.900085,0.000397,1.1884,0.1760,OK
bandwidth,softplus,poly,100000,1000mbit,0,2.546928,2.539571,215.804138,3.409660,0.9810,0.1546,OK
bandwidth,softplus,naive,100000,1000mbit,0,5.201000,5.193388,437.539940,8.523300,0.9810,0.1546,OK
bandwidth,logsoftmax,lut,100000,1000mbit,0,4.158737,4.133372,344.359924,6.819672,3.8200,0.5409,OK
bandwidth,logsoftmax,poly,100000,1000mbit,0,14.299484,14.274655,1198.652458,25.570511,2.9858,0.4587,OK
bandwidth,logsoftmax,naive,100000,1000mbit,0,29.355795,29.332141,2456.702919,52.843384,2.9858,0.4587,OK
hao,exp,hao,100000,,0,0.134234,0.137213,28.6666015625,1.52587890625e-05,,,NA
hao,div,hao,100000,,0,0.737453,0.738067,108.9775390625,1.70470703125,,,NA
hao,sigmoid,hao,100000,,0,1.29881,1.30129,186.4794921875,3.409375,,,NA
hao,gelu,hao,100000,,0,3.07009,3.07324,423.6376953125,8.52341796875,,,NA
hao,softmax,hao,100000,,0,5.82917,5.84435,799.1953125,17.046875,,,NA
hao,exp,hao,100000,200mbit,0,1.07585,1.21396,28.6666015625,1.52587890625e-05,,,NA
hao,div,hao,100000,200mbit,0,4.74351,4.80106,108.9775390625,1.70470703125,,,NA
hao,sigmoid,hao,100000,200mbit,0,8.15404,8.28265,186.4794921875,3.409375,,,NA
hao,gelu,hao,100000,200mbit,0,18.8189,18.9147,423.6376953125,8.52341796875,,,NA
hao,softmax,hao,100000,200mbit,0,35.7991,35.7815,799.1953125,17.046875,,,NA
hao,exp,hao,100000,500mbit,0,0.441767,0.49408,28.6666015625,1.52587890625e-05,,,NA
hao,div,hao,100000,500mbit,0,2.07161,2.09125,108.9775390625,1.70470703125,,,NA
hao,sigmoid,hao,100000,500mbit,0,3.59301,3.6443,186.4794921875,3.409375,,,NA
hao,gelu,hao,100000,500mbit,0,8.29647,8.33564,423.6376953125,8.52341796875,,,NA
hao,softmax,hao,100000,500mbit,0,15.9481,15.921,799.1953125,17.046875,,,NA
hao,exp,hao,100000,1000mbit,0,0.231373,0.252874,28.6666015625,1.52587890625e-05,,,NA
hao,div,hao,100000,1000mbit,0,1.21561,1.22643,108.9775390625,1.70470703125,,,NA
hao,sigmoid,hao,100000,1000mbit,0,2.09616,2.12508,186.4794921875,3.409375,,,NA
hao,gelu,hao,100000,1000mbit,0,4.88567,4.90565,423.6376953125,8.52341796875,,,NA
hao,softmax,hao,100000,1000mbit,0,9.44584,9.44687,799.1953125,17.046875,,,NA
